,Unnamed: 0,Unnamed: 0.1,Unnamed: 0.1.1,subreddit,Caption,postlink,poststatus
0,0,0.0,0,"Unexpected
",Cleaning the windows on a women's hair salon,https://www.reddit.com/r/Unexpected/comments/or1nzm/cleaning_the_windows_on_a_womens_hair_salon/,0.0
1,1,1.0,1,"Unexpected
",How to silence a coyote pack,https://www.reddit.com/r/Unexpected/comments/or3v6n/how_to_silence_a_coyote_pack/,0.0
2,2,2.0,2,"Unexpected
",Well that's one way of doing it,https://www.reddit.com/r/Unexpected/comments/oqs6m0/well_thats_one_way_of_doing_it/,0.0
3,3,3.0,3,"Unexpected
",Followed by the Holy trinity,https://www.reddit.com/r/Unexpected/comments/oqxcth/followed_by_the_holy_trinity/,0.0
4,4,4.0,4,"Unexpected
",Plant photography at its finest,https://www.reddit.com/r/Unexpected/comments/or182r/plant_photography_at_its_finest/,0.0
5,5,5.0,5,"Unexpected
",I hate makeup,https://www.reddit.com/r/Unexpected/comments/oqvk25/i_hate_makeup/,0.0
6,6,6.0,6,"Unexpected
",Saying hi at the mall,https://www.reddit.com/r/Unexpected/comments/oqxank/saying_hi_at_the_mall/,0.0
7,7,7.0,7,"Unexpected
",Motorcyclist goes for a stroll in highway,https://www.reddit.com/r/Unexpected/comments/or3ja3/motorcyclist_goes_for_a_stroll_in_highway/,0.0
8,8,8.0,8,"VALORANT
",One of the funniest clutch ever on plat:D,https://www.reddit.com/r/VALORANT/comments/or09qe/one_of_the_funniest_clutch_ever_on_platd/,0.0
9,9,9.0,9,"VALORANT
",Turret KILLJOY Real life - With a 3D printer and a lot of time you can do amaizing things,https://www.reddit.com/r/VALORANT/comments/oqsz0u/turret_killjoy_real_life_with_a_3d_printer_and_a/,0.0
10,10,10.0,10,"VALORANT
",my friend accidentally omen tps above the map in ranked,https://www.reddit.com/r/VALORANT/comments/or3ag8/my_friend_accidentally_omen_tps_above_the_map_in/,0.0
11,11,11.0,11,"VALORANT
",I'm in Spain without the S,https://www.reddit.com/r/VALORANT/comments/oqob77/im_in_spain_without_the_s/,0.0
12,12,12.0,12,"VALORANT
","For all you Breach mains, I've done it.",https://www.reddit.com/r/VALORANT/comments/oqymc7/for_all_you_breach_mains_ive_done_it/,0.0
13,13,13.0,13,"VALORANT
",Insane omen whiff in plat (uninstalled after),https://www.reddit.com/r/VALORANT/comments/oqqdjm/insane_omen_whiff_in_plat_uninstalled_after/,0.0
14,14,14.0,14,"VALORANT
","These are rare, I think",https://www.reddit.com/r/VALORANT/comments/or0m6n/these_are_rare_i_think/,1.0
15,15,15.0,15,"csgo
",Been playing for 10+ years this is my best clip,https://www.reddit.com/r/csgo/comments/oqts0d/been_playing_for_10_years_this_is_my_best_clip/,0.0
16,16,16.0,16,"csgo
",True,https://www.reddit.com/r/csgo/comments/oqw4pd/true/,0.0
17,17,17.0,17,"csgo
",phoon legacy,https://www.reddit.com/r/csgo/comments/oqiepx/phoon_legacy/,0.0
18,18,18.0,18,"csgo
",I suspected something but definitely not this..,https://www.reddit.com/r/csgo/comments/or0r4d/i_suspected_something_but_definitely_not_this/,0.0
19,19,19.0,19,"DunderMifflin
",One of my favourite scenes - the bromance between Jim and Dwight is my main drive to finish the whole show,https://www.reddit.com/r/DunderMifflin/comments/or3033/one_of_my_favourite_scenes_the_bromance_between/,0.0
20,20,20.0,20,"DunderMifflin
",Probably one of the funniest scene in entire TV history,https://www.reddit.com/r/DunderMifflin/comments/oqv1ov/probably_one_of_the_funniest_scene_in_entire_tv/,0.0
21,21,,subreddit,Caption,postlink,poststatus,
22,22,0.0,"Unexpected
",How to silence a coyote pack,https://www.reddit.com/r/Unexpected/comments/or3v6n/how_to_silence_a_coyote_pack/,0,
23,23,1.0,"Unexpected
",Cleaning the windows on a women's hair salon,https://www.reddit.com/r/Unexpected/comments/or1nzm/cleaning_the_windows_on_a_womens_hair_salon/,0,
24,24,2.0,"Unexpected
",Well that's one way of doing it,https://www.reddit.com/r/Unexpected/comments/oqs6m0/well_thats_one_way_of_doing_it/,0,
25,25,3.0,"Unexpected
",Followed by the Holy trinity,https://www.reddit.com/r/Unexpected/comments/oqxcth/followed_by_the_holy_trinity/,0,
26,26,4.0,"Unexpected
",I hate makeup,https://www.reddit.com/r/Unexpected/comments/oqvk25/i_hate_makeup/,0,
27,27,5.0,"Unexpected
",Saying hi at the mall,https://www.reddit.com/r/Unexpected/comments/oqxank/saying_hi_at_the_mall/,0,
